,attributes,squared_loadings
12,Ymax,0.4917494682722038
9,Xmin,0.48938329505282857
10,Xmax,0.48352045916386927
11,Ymin,0.4722666487304998
7,trees90,0.4680277083446287
6,trees,0.4659726599931579
2,temp,0.20414066849996504
3,temp90,0.19367118354656843
0,humid,0.1923652163805785
1,humid90,0.18253276148745048
5,h10pix90,0.13059079467898427
4,h10pix,0.13020382093569996
8,NoYes,0.095575314913567
